serial,Heading,Subheading,difficulty,problem,link,notes
1,Solve Problems on Arrays,Easy,Easy,Largest Element,https://takeuforward.org/data-structure/find-the-largest-element-in-an-array/,Fundamental operation (single pass max) — implement directly
2,Solve Problems on Arrays,Easy,Easy,Second Largest Element,https://www.geeksforgeeks.org/dsa/find-second-largest-element-array/,GFG — exact match
3,Solve Problems on Arrays,Easy,Easy,Check if the Array is Sorted II,"https://leetcode.com/problems/check-if-array-is-sorted-and-rotated/#:~:text=Input%3A%20nums%20%3D%20%5B2%2C,no%20rotation)%20to%20make%20nums.",
4,Solve Problems on Arrays,Easy,Easy,Remove duplicates from Sorted array,"https://leetcode.com/problems/remove-duplicates-from-sorted-array/#:~:text=Input%3A%20nums%20%3D%20%5B0%2C,%2C%203%2C%20and%204%20respectively.",
5,Solve Problems on Arrays,Easy,Easy,Left Rotate Array by One,https://leetcode.com/problems/rotate-array/,
6,Solve Problems on Arrays,Easy,Easy,Left Rotate Array by K Places,https://leetcode.com/problems/rotate-array/,
7,Solve Problems on Arrays,Easy,Easy,Move Zeros to End,https://leetcode.com/problems/move-zeroes/,
8,Solve Problems on Arrays,Easy,Easy,Linear Search,https://takeuforward.org/data-structure/linear-search-in-c/,Fundamental algorithm — implement directly
9,Solve Problems on Arrays,Easy,Easy,Union of two sorted arrays,https://takeuforward.org/data-structure/union-of-two-sorted-arrays/,GFG has the exact problem 'Union of Two Sorted Arrays' (search GFG)
10,Solve Problems on Arrays,Easy,Easy,Find missing number,https://leetcode.com/problems/missing-number/,LC 268 — exact match
11,Solve Problems on Arrays,Easy,Easy,Maximum Consecutive Ones,https://leetcode.com/problems/max-consecutive-ones/,
12,Solve Problems on Arrays,Easy,Medium,"Find the number that appears once, and other numbers twice.",https://leetcode.com/problems/single-number/,
13,Solve Problems on Arrays,Easy,Medium,Longest subarray with given sum K(positives),https://takeuforward.org/data-structure/longest-subarray-with-given-sum-k/,Longest Sub-Array with Sum K' (search GFG)
14,Solve Problems on Arrays,Easy,Medium,Longest subarray with sum K,https://takeuforward.org/data-structure/length-of-the-longest-subarray-with-zero-sum/,"Longest Sub-Array with Sum K' (positives+negatives version, search GFG)"
15,Solve Problems on Arrays,Medium,Easy,Two Sum,https://leetcode.com/problems/two-sum/,
16,Solve Problems on Arrays,Medium,Medium,Sort an array of 0's 1's and 2's,https://leetcode.com/problems/sort-colors/,
17,Solve Problems on Arrays,Medium,Easy,Majority Element-I,https://leetcode.com/problems/majority-element/,
18,Solve Problems on Arrays,Medium,Medium,Kadane's Algorithm,https://leetcode.com/problems/maximum-subarray/,
19,Solve Problems on Arrays,Medium,Medium,Print subarray with maximum subarray sum (extended version of above problem),https://takeuforward.org/data-structure/kadanes-algorithm-maximum-subarray-sum-in-an-array/,Print-version extension of Kadane's — no dedicated LC/GFG problem beyond the base Maximum Subarray
20,Solve Problems on Arrays,Medium,Medium,Stock Buy and Sell,https://leetcode.com/problems/best-time-to-buy-and-sell-stock/,
21,Solve Problems on Arrays,Medium,Medium,Rearrange array elements by sign,https://leetcode.com/problems/rearrange-array-elements-by-sign/,
22,Solve Problems on Arrays,Medium,Medium,Next Permutation,https://leetcode.com/problems/next-permutation/,
23,Solve Problems on Arrays,Medium,Medium,Leaders in an Array,https://takeuforward.org/data-structure/leaders-in-an-array/,Leaders in an array' (search GFG)
24,Solve Problems on Arrays,Medium,Medium,Longest Consecutive Sequence in an Array,https://leetcode.com/problems/longest-consecutive-sequence/solution/,
25,Solve Problems on Arrays,Medium,Medium,Set Matrix Zeroes,https://leetcode.com/problems/set-matrix-zeroes/,
26,Solve Problems on Arrays,Medium,Medium,Rotate matrix by 90 degrees,https://leetcode.com/problems/rotate-image/,
27,Solve Problems on Arrays,Medium,Medium,Print the matrix in spiral manner,https://leetcode.com/problems/spiral-matrix/,
28,Solve Problems on Arrays,Medium,Medium,Count subarrays with given sum,https://leetcode.com/problems/subarray-sum-equals-k/,
29,Solve Problems on Arrays,Hard,Easy,Pascal's Triangle I,https://leetcode.com/problems/pascals-triangle/,
30,Solve Problems on Arrays,Hard,Hard,Majority Element-II,https://leetcode.com/problems/majority-element-ii/,
31,Solve Problems on Arrays,Hard,Medium,3 Sum,https://leetcode.com/problems/3sum/,
32,Solve Problems on Arrays,Hard,Medium,4 Sum,https://leetcode.com/problems/4sum/,
33,Solve Problems on Arrays,Hard,Medium,Largest Subarray with Sum 0,https://takeuforward.org/data-structure/length-of-the-longest-subarray-with-zero-sum/,Largest subarray with 0 sum' (search GFG)
34,Solve Problems on Arrays,Hard,Hard,Count subarrays with given xor K,https://takeuforward.org/data-structure/count-the-number-of-subarrays-with-given-xor-k/,Count subarrays with given xor K' (search GFG); same prefix-hashmap trick as LC 560 Subarray Sum Equals K
35,Solve Problems on Arrays,Hard,Medium,Merge Overlapping Subintervals,https://leetcode.com/problems/merge-intervals/,
36,Solve Problems on Arrays,Hard,Medium,Merge two sorted arrays without extra space,https://leetcode.com/problems/merge-sorted-array/,
37,Solve Problems on Arrays,Hard,Hard,Find the repeating and missing number,https://leetcode.com/problems/set-mismatch/,"LC 645 (Set Mismatch) — exact match, same problem"
38,Solve Problems on Arrays,Hard,Hard,Count Inversions,https://takeuforward.org/data-structure/count-inversions-in-an-array,Count Inversions' (search GFG) — no standalone LC problem; same merge-sort technique as Reverse Pairs (already in your sheet)
39,Solve Problems on Arrays,Hard,Hard,Reverse Pairs,https://leetcode.com/problems/reverse-pairs/,
40,Solve Problems on Arrays,Hard,Hard,Maximum Product Subarray in an Array,https://leetcode.com/problems/maximum-product-subarray/,
41,Binary Search,BS on 1D Arrays,Easy,Search X in sorted array,https://leetcode.com/problems/binary-search/,
42,Binary Search,BS on 1D Arrays,Easy,Lower Bound,https://leetcode.com/problems/search-insert-position/,Same technique/problem as LC 35 Search Insert Position (already in your sheet under a different row)
43,Binary Search,BS on 1D Arrays,Easy,Upper Bound,https://takeuforward.org/arrays/implement-upper-bound/,Implement upper_bound()' (search GFG) — no standalone LC problem
44,Binary Search,BS on 1D Arrays,Easy,Search insert position,"https://leetcode.com/problems/search-insert-position/#:~:text=Search%20Insert%20Position%20%2D%20LeetCode&text=Given%20a%20sorted%20array%20of,(log%20n)%20runtime%20complexity.",
45,Binary Search,BS on 1D Arrays,Easy,Floor and Ceil in Sorted Array,https://takeuforward.org/arrays/floor-and-ceil-in-sorted-array/,Floor and Ceil in a Sorted Array' (search GFG) — no standalone LC problem
46,Binary Search,BS on 1D Arrays,Easy,First and last occurrence,https://leetcode.com/problems/find-first-and-last-position-of-element-in-sorted-array/,
47,Binary Search,BS on 1D Arrays,Easy,Count Occurrences in a Sorted Array,https://leetcode.com/problems/find-first-and-last-position-of-element-in-sorted-array/,"Solved directly with LC 34 (First/Last Occurrence, already in your sheet) via (last-first+1)"
48,Binary Search,BS on 1D Arrays,Medium,Search in rotated sorted array-I,https://leetcode.com/problems/search-in-rotated-sorted-array/,
49,Binary Search,BS on 1D Arrays,Medium,Search in rotated sorted array-II,https://leetcode.com/problems/search-in-rotated-sorted-array-ii/,
50,Binary Search,BS on 1D Arrays,Easy,Find minimum in Rotated Sorted Array,https://leetcode.com/problems/find-minimum-in-rotated-sorted-array/,
51,Binary Search,BS on 1D Arrays,Easy,Find out how many times the array is rotated,https://leetcode.com/problems/find-minimum-in-rotated-sorted-array/,Same technique/problem as LC 153 (already in your sheet) — index of minimum = rotation count
52,Binary Search,BS on 1D Arrays,Medium,Single element in a Sorted Array,https://leetcode.com/problems/single-element-in-a-sorted-array/,
53,Binary Search,BS on 1D Arrays,Medium,Find peak element,"https://leetcode.com/problems/find-peak-element/#:~:text=Find%20Peak%20Element%20%2D%20LeetCode&text=A%20peak%20element%20is%20an,to%20any%20of%20the%20peaks.",
54,Binary Search,BS on Answers,Medium,Find square root of a number,https://leetcode.com/problems/sqrtx/,LC 69 (Sqrt(x)) — exact match
55,Binary Search,BS on Answers,Medium,Find Nth root of a number,https://takeuforward.org/data-structure/nth-root-of-a-number-using-binary-search/,N-th root of a number' (search GFG) — generalization of LC 69 Sqrt(x)
56,Binary Search,BS on Answers,Medium,Koko eating bananas,https://leetcode.com/problems/koko-eating-bananas/,
57,Binary Search,BS on Answers,Medium,Minimum days to make M bouquets,https://leetcode.com/problems/minimum-number-of-days-to-make-m-bouquets/,
58,Binary Search,BS on Answers,Medium,Find the smallest divisor,https://leetcode.com/problems/find-the-smallest-divisor-given-a-threshold/,
59,Binary Search,BS on Answers,Medium,Capacity to Ship Packages Within D Days,https://leetcode.com/problems/capacity-to-ship-packages-within-d-days/,
60,Binary Search,BS on Answers,Medium,Kth Missing Positive Number,"https://leetcode.com/problems/kth-missing-positive-number/#:~:text=Given%20an%20array%20arr%20of,13%2C...%5D.",
61,Binary Search,BS on Answers,Hard,Aggressive Cows,https://leetcode.com/problems/magnetic-force-between-two-balls/,"LC 1552 (Magnetic Force Between Two Balls) — exact match, identical binary-search-on-answer problem"
62,Binary Search,BS on Answers,Hard,Book Allocation Problem,https://leetcode.com/problems/split-array-largest-sum/,Same technique/problem as LC 410 Split Array Largest Sum (already in your sheet)
63,Binary Search,BS on Answers,Hard,Split array - largest sum,https://leetcode.com/problems/split-array-largest-sum/,
64,Binary Search,BS on Answers,Medium,Painter's Partition,https://leetcode.com/problems/split-array-largest-sum/,Same technique/problem as LC 410 Split Array Largest Sum (already in your sheet)
65,Binary Search,BS on Answers,Hard,Minimize Max Distance to Gas Station,https://leetcode.com/problems/minimize-max-distance-to-gas-station/,
66,Binary Search,BS on Answers,Hard,Median of 2 sorted arrays,https://leetcode.com/problems/median-of-two-sorted-arrays/,
67,Binary Search,BS on Answers,Medium,Kth element of 2 sorted arrays,https://takeuforward.org/data-structure/k-th-element-of-two-sorted-arrays/,K-th element of two sorted Arrays' (search GFG) — generalization of LC 4 Median of Two Sorted Arrays (already in your sheet)
68,Binary Search,BS on 2D Arrays,Easy,Find row with maximum 1's,https://takeuforward.org/arrays/find-the-row-with-maximum-number-of-1s/,Find the row with maximum number of 1s' (search GFG) — no standalone LC problem
69,Binary Search,BS on 2D Arrays,Hard,Search in a 2D matrix,https://leetcode.com/problems/search-a-2d-matrix/,
70,Binary Search,BS on 2D Arrays,Hard,Search in 2D matrix - II,https://leetcode.com/problems/search-a-2d-matrix-ii/,
71,Binary Search,BS on 2D Arrays,Medium,Find Peak Element - II,https://leetcode.com/problems/find-a-peak-element-ii/,
72,Binary Search,BS on 2D Arrays,Hard,Matrix Median,https://takeuforward.org/data-structure/median-of-row-wise-sorted-matrix/,Median in a row-wise sorted Matrix' (search GFG) — no standalone LC problem
73,Strings,Basic and Easy String Problems,Medium,Remove Outermost Parentheses,https://leetcode.com/problems/remove-outermost-parentheses/,
74,Strings,Basic and Easy String Problems,Medium,Reverse words in a given string / Palindrome Check,https://leetcode.com/problems/reverse-words-in-a-string/,
75,Strings,Basic and Easy String Problems,Easy,Largest Odd Number in a String,https://leetcode.com/problems/largest-odd-number-in-string/,
76,Strings,Basic and Easy String Problems,Easy,Longest Common Prefix,https://leetcode.com/problems/longest-common-prefix/,
77,Strings,Basic and Easy String Problems,Easy,Isomorphic String,https://leetcode.com/problems/isomorphic-strings/,
78,Strings,Basic and Easy String Problems,Easy,Rotate String,https://leetcode.com/problems/rotate-string/,
79,Strings,Basic and Easy String Problems,Easy,Check if two strings are anagram of each other,"https://leetcode.com/problems/valid-anagram/#:~:text=Given%20two%20strings%20s%20and,the%20original%20letters%20exactly%20once.&text=Constraints%3A,.length%20%3C%3D%205%20*%2010",
80,Strings,Medium String Problems,Easy,Sort Characters by Frequency,https://leetcode.com/problems/sort-characters-by-frequency/,
81,Strings,Medium String Problems,Medium,Maximum Nesting Depth of the Parentheses,https://leetcode.com/problems/maximum-nesting-depth-of-the-parentheses/,
82,Strings,Medium String Problems,Medium,Roman to Integer,https://leetcode.com/problems/roman-to-integer/,
83,Strings,Medium String Problems,Medium,String to Integer (atoi),https://leetcode.com/problems/string-to-integer-atoi/,
84,Strings,Medium String Problems,Easy,Count Number of Substrings,https://takeuforward.org/data-structure/count-number-of-substrings,"Count number of substrings with exactly K distinct characters' (search GFG) — same atMost(k)-atMost(k-1) trick as LC 992 (already in your sheet, array version)"
85,Strings,Medium String Problems,Medium,Longest Palindromic Substring,https://leetcode.com/problems/longest-palindromic-substring/,
86,Strings,Medium String Problems,Medium,Sum of Beauty of All Substrings,https://leetcode.com/problems/sum-of-beauty-of-all-substrings/,
87,Strings,Medium String Problems,Medium,Reverse every word in a string,https://leetcode.com/problems/reverse-words-in-a-string/,
88,Learn LinkedList,Learn 1D LinkedList,Easy,Introduction to Singly LinkedList,https://takeuforward.org/linked-list/linked-list-introduction,Concept/theory video — no coding problem
89,Learn LinkedList,Learn 1D LinkedList,Easy,Insertion at the head of Linked List,https://takeuforward.org/linked-list/insert-at-the-head-of-a-linked-list,Fundamental LL operation — implement directly
90,Learn LinkedList,Learn 1D LinkedList,Easy,Deletion of the head of LL,https://leetcode.com/problems/delete-node-in-a-linked-list/,
91,Learn LinkedList,Learn 1D LinkedList,Easy,Find the length of the Linked List,https://takeuforward.org/linked-list/find-the-length-of-a-linked-list,Fundamental LL operation — implement directly
92,Learn LinkedList,Learn 1D LinkedList,Medium,Search in Linked List,https://takeuforward.org/linked-list/search-an-element-in-a-linked-list,Fundamental LL operation — implement directly
93,Learn LinkedList,Learn Doubly LinkedList,Easy,Introduction to Doubly LL,https://takeuforward.org/linked-list/introduction-to-doubly-linked-list,Concept/theory video — no coding problem
94,Learn LinkedList,Learn Doubly LinkedList,Easy,Insert node before head in Doubly Linked List,https://takeuforward.org/data-structure/insert-at-end-of-doubly-linked-list/,Fundamental DLL operation — implement directly
95,Learn LinkedList,Learn Doubly LinkedList,Easy,Delete head of Doubly Linked List,https://takeuforward.org/data-structure/delete-last-node-of-a-doubly-linked-list/,Fundamental DLL operation — implement directly
96,Learn LinkedList,Learn Doubly LinkedList,Medium,Reverse a Doubly Linked List,https://takeuforward.org/data-structure/reverse-a-doubly-linked-list/,Reverse a Doubly Linked List' (search GFG) — DLL analog of LC 206 (already in your sheet for singly LL)
97,Learn LinkedList,Medium Problems of LL,easy,Middle of a LinkedList [TortoiseHare Method],https://leetcode.com/problems/middle-of-the-linked-list/,
98,Learn LinkedList,Medium Problems of LL,Medium,Reverse a LinkedList [Iterative],https://leetcode.com/problems/reverse-linked-list/,
99,Learn LinkedList,Medium Problems of LL,Medium,Reverse a LL,https://leetcode.com/problems/reverse-linked-list/,
100,Learn LinkedList,Medium Problems of LL,Medium,Detect a loop in LL,https://leetcode.com/problems/linked-list-cycle/,
101,Learn LinkedList,Medium Problems of LL,Medium,Find the starting point in LL,https://leetcode.com/problems/linked-list-cycle-ii/,
102,Learn LinkedList,Medium Problems of LL,Medium,Length of loop in LL,https://takeuforward.org/linked-list/length-of-loop-in-linked-list,Find length of loop in linked list' (search GFG) — builds on LC 141/142 (already in your sheet)
103,Learn LinkedList,Medium Problems of LL,Medium,Check if LL is palindrome or not,https://leetcode.com/problems/palindrome-linked-list/,
104,Learn LinkedList,Medium Problems of LL,Medium,Segregate odd and even nodes in Linked List,https://leetcode.com/problems/odd-even-linked-list/,
105,Learn LinkedList,Medium Problems of LL,Medium,Remove Nth node from the back of the LL,https://leetcode.com/problems/remove-nth-node-from-end-of-list/,
106,Learn LinkedList,Medium Problems of LL,Medium,Delete the middle node in LL,"https://leetcode.com/problems/delete-the-middle-node-of-a-linked-list/#:~:text=You%20are%20given%20the%20head,than%20or%20equal%20to%20x%20.",
107,Learn LinkedList,Medium Problems of LL,Hard,Sort LL,https://leetcode.com/problems/sort-list/,
108,Learn LinkedList,Medium Problems of LL,Medium,Sort a Linked List of 0's 1's and 2's,https://takeuforward.org/data-structure/sort-a-linked-list-of-0s-1s-and-2s-by-changing-links,"Sort a linked list of 0s, 1s and 2s' (search GFG) — LL analog of LC 75 Sort Colors (already in your sheet)"
109,Learn LinkedList,Medium Problems of LL,Medium,Find the intersection point of Y LL,https://leetcode.com/problems/intersection-of-two-linked-lists/,
110,Learn LinkedList,Medium Problems of LL,Medium,Add one to a number represented by LL,https://takeuforward.org/data-structure/add-1-to-a-number-represented-by-ll,Add 1 to a number represented as linked list' (search GFG) (LC's Plus One (66) is array-based)
111,Learn LinkedList,Medium Problems of LL,Medium,Add two numbers in Linked List,https://leetcode.com/problems/add-two-numbers/,
112,Learn LinkedList,Medium Problems of DLL,Hard,Delete all occurrences of a key in DLL,https://takeuforward.org/data-structure/delete-all-occurrences-of-a-key-in-dll,Delete all occurrences of a given key in a doubly linked list' (search GFG)
113,Learn LinkedList,Medium Problems of DLL,Medium,Find Pairs with Given Sum in Doubly Linked List,https://takeuforward.org/data-structure/find-pairs-with-given-sum-in-doubly-linked-list,Find pairs with given sum in doubly linked list' (search GFG) — two-pointer technique like LC 167 Two Sum II
114,Learn LinkedList,Medium Problems of DLL,hard,Remove duplicates from sorted DLL,https://takeuforward.org/data-structure/remove-duplicates-from-sorted-dll,Remove duplicates from a sorted doubly linked list' (search GFG)
115,Learn LinkedList,Hard Problems of LL,Hard,Reverse LL in group of given size K,https://leetcode.com/problems/reverse-nodes-in-k-group/,
116,Learn LinkedList,Hard Problems of LL,Hard,Rotate a LL,https://leetcode.com/problems/rotate-list/description/,
117,Learn LinkedList,Hard Problems of LL,Hard,Flattening of LL,https://takeuforward.org/data-structure/flattening-a-linked-list/,"Flattening a Linked List' (search GFG). Not the same as LC 430 Flatten Multilevel DLL — that's a different problem, so not forced here"
118,Learn LinkedList,Hard Problems of LL,Hard,Clone a LL with random and next pointer,https://leetcode.com/problems/copy-list-with-random-pointer/,
119,Recursion,Get a Strong Hold,Medium,Recursive Implementation of atoi(),https://leetcode.com/problems/string-to-integer-atoi/,
120,Recursion,Get a Strong Hold,Easy,"Pow(x, n)",https://leetcode.com/problems/powx-n/,
121,Recursion,Get a Strong Hold,Medium,Count Good Numbers,https://leetcode.com/problems/count-good-numbers/,
122,Recursion,Get a Strong Hold,Medium,Sort a stack using recursion,https://takeuforward.org/data-structure/sort-a-stack,Sort a stack using recursion' (search GFG)
123,Recursion,Get a Strong Hold,Medium,Reverse a Stack,https://takeuforward.org/data-structure/reverse-a-stack-using-recursion,Reverse a stack using recursion' (search GFG)
124,Recursion,Subsequences Pattern,Medium,Generate Binary Strings Without Consecutive 1s,https://takeuforward.org/data-structure/generate-all-binary-strings,Generate all binary strings without consecutive 1s' (search GFG)
125,Recursion,Subsequences Pattern,Medium,Generate Parentheses,https://leetcode.com/problems/generate-parentheses/,
126,Recursion,Subsequences Pattern,Medium,Power Set,https://leetcode.com/problems/subsets/,"LC 78 (Subsets) — exact match, 'power set' is the same problem"
127,Recursion,Subsequences Pattern,Easy,Learn All Patterns of Subsequences (Theory),https://takeuforward.org/data-structure/learn-all-patterns-of-subsequences-theory,Concept/theory video — no coding problem
128,Recursion,Subsequences Pattern,Easy,Count all subsequences with sum K,https://takeuforward.org/data-structure/count-all-subsequences-with-sum-k,Count all subsets/subsequences with sum K' (search GFG) — same recursion pattern as LC 494 Target Sum / LC 416 (already in your sheet)
129,Recursion,Subsequences Pattern,Easy,Check if there exists a subsequence with sum K,https://takeuforward.org/data-structure/check-if-there-exists-a-subsequence-with-sum-k,Subset Sum Problem' (search GFG) — same technique as LC 416 Partition Equal Subset Sum (already in your sheet)
130,Recursion,Subsequences Pattern,Medium,Combination Sum,https://leetcode.com/problems/combination-sum/,
131,Recursion,Subsequences Pattern,Medium,Combination Sum II,https://leetcode.com/problems/combination-sum-ii/,
132,Recursion,Subsequences Pattern,Medium,Subsets I,https://leetcode.com/problems/subsets/,LC 78 (Subsets) — exact match
133,Recursion,Subsequences Pattern,Medium,Subsets II,https://leetcode.com/problems/subsets-ii/,
134,Recursion,Subsequences Pattern,Medium,Combination Sum III,https://leetcode.com/problems/combination-sum-iii/,
135,Recursion,Subsequences Pattern,Hard,Letter Combinations of a Phone Number,https://leetcode.com/problems/letter-combinations-of-a-phone-number/,
136,Recursion,Trying out all Combos / Hard,Hard,Palindrome partitioning,https://leetcode.com/problems/palindrome-partitioning/,LC 131 — exact match
137,Recursion,Trying out all Combos / Hard,Hard,Word Search,https://leetcode.com/problems/word-search/,
138,Recursion,Trying out all Combos / Hard,Hard,N Queen,https://leetcode.com/problems/n-queens/,
139,Recursion,Trying out all Combos / Hard,Hard,Rat in a Maze,https://takeuforward.org/data-structure/rat-in-a-maze/,Rat in a Maze Problem' (search GFG) — no direct LC equivalent
140,Recursion,Trying out all Combos / Hard,Medium,Word Break,https://leetcode.com/problems/word-break/,LC 139 — exact match
141,Recursion,Trying out all Combos / Hard,Hard,M Coloring Problem,https://takeuforward.org/data-structure/m-coloring-problem/,M-Coloring Problem' (search GFG) — no direct LC equivalent
142,Recursion,Trying out all Combos / Hard,Hard,Sudoku Solver,https://leetcode.com/problems/sudoku-solver/,
143,Recursion,Trying out all Combos / Hard,Hard,Expression Add Operators,https://leetcode.com/problems/expression-add-operators/,
144,Bit Manipulation,Learn Bit Manipulation,Easy,Introduction to Bits and Tricks,https://takeuforward.org/data-structure/introduction-to-bit-manipulation-theory,Concept/theory video — no coding problem
145,Bit Manipulation,Learn Bit Manipulation,Easy,Check if the i-th bit is Set or Not,https://takeuforward.org/data-structure/check-if-the-i-th-bit-is-set-or-not,Fundamental bit operation — one-liner (n>>i)&1
146,Bit Manipulation,Learn Bit Manipulation,Easy,Check if a Number is Odd or Not,https://takeuforward.org/data-structure/check-if-a-number-is-odd-or-not,Fundamental bit operation — one-liner n&1
147,Bit Manipulation,Learn Bit Manipulation,Easy,Check if a Number is Power of 2 or Not,https://leetcode.com/problems/power-of-two/,
148,Bit Manipulation,Learn Bit Manipulation,Easy,Count the Number of Set Bits,https://leetcode.com/problems/number-of-1-bits/,LC 191 (Number of 1 Bits) — exact match
149,Bit Manipulation,Learn Bit Manipulation,Easy,Set/Unset the rightmost unset bit,https://takeuforward.org/data-structure/set-the-rightmost-bit,Set the rightmost unset bit' (search GFG)
150,Bit Manipulation,Learn Bit Manipulation,Easy,Swap Two Numbers,https://takeuforward.org/data-structure/swap-two-numbers,Fundamental bit-trick (XOR swap) — no dedicated LC/GFG problem
151,Bit Manipulation,Learn Bit Manipulation,Medium,Divide two numbers without multiplication and division,https://leetcode.com/problems/divide-two-integers/,
152,Bit Manipulation,Interview Problems,Medium,Minimum Bit Flips to Convert Number,https://leetcode.com/problems/minimum-bit-flips-to-convert-number/,
153,Bit Manipulation,Interview Problems,Medium,Single Number - I,https://leetcode.com/problems/single-number/,
154,Bit Manipulation,Interview Problems,Medium,Power Set Bit Manipulation,https://leetcode.com/problems/subsets/,
155,Bit Manipulation,Interview Problems,Medium,XOR of numbers in a given range,https://takeuforward.org/data-structure/find-xor-of-numbers-from-l-to-r,XOR of numbers from L to R' (search GFG)
156,Bit Manipulation,Interview Problems,Medium,Single Number - III,https://leetcode.com/problems/single-number-iii/,LC 260 — exact match
157,Bit Manipulation,Advanced Maths,Hard,Print Prime Factors of a Number,https://takeuforward.org/data-structure/find-the-two-numbers-appearing-odd-number-of-times,Prime Factorization' (search GFG) — no dedicated LC problem
158,Bit Manipulation,Advanced Maths,Easy,Divisors of a Number,https://takeuforward.org/data-structure/print-all-divisors-of-a-given-number/,Find all divisors of a number' (search GFG) — no dedicated LC problem
159,Bit Manipulation,Advanced Maths,Hard,Count primes in range L to R,https://leetcode.com/problems/count-primes/,
160,Bit Manipulation,Advanced Maths,Hard,Prime factorisation of a Number,https://takeuforward.org/data-structure/find-the-two-numbers-appearing-odd-number-of-times,Prime Factorization using Sieve' (search GFG) — no dedicated LC problem
161,Bit Manipulation,Advanced Maths,Easy,"Pow(x,n)",https://leetcode.com/problems/powx-n/,
162,Stack and Queues,Learning,Easy,Implement Stack using Arrays,https://takeuforward.org/data-structure/implement-stack-using-array/,Fundamental data-structure implementation — no dedicated LC problem; GFG has 'Stack using Array' if you want a checker
163,Stack and Queues,Learning,Easy,Implement Queue using Arrays,https://takeuforward.org/data-structure/implement-queue-using-array/,Fundamental data-structure implementation — no dedicated LC problem; GFG has 'Queue using Array' if you want a checker
164,Stack and Queues,Learning,Easy,Implement Stack using Queue,https://leetcode.com/problems/implement-stack-using-queues/,
165,Stack and Queues,Learning,Easy,Implement Queue using Stack,https://leetcode.com/problems/implement-queue-using-stacks/,
166,Stack and Queues,Learning,Easy,Implement stack using Linkedlist,https://takeuforward.org/data-structure/implement-stack-using-linked-list/,Fundamental data-structure implementation — no dedicated LC problem
167,Stack and Queues,Learning,Easy,Implement queue using Linkedlist,https://takeuforward.org/data-structure/implement-queue-using-linked-list/,Fundamental data-structure implementation — no dedicated LC problem
168,Stack and Queues,Learning,Easy,Balanced Paranthesis,https://leetcode.com/problems/valid-parentheses/,
169,Stack and Queues,Learning,Hard,Implement Min Stack,https://leetcode.com/problems/min-stack/,
170,Stack and Queues,"Prefix, Infix, PostFix Conversion Problems",Medium,Infix to Postfix Conversion,https://takeuforward.org/data-structure/infix-to-postfix/,Infix to Postfix' (search GFG)
171,Stack and Queues,"Prefix, Infix, PostFix Conversion Problems",Medium,Prefix to Infix Conversion,https://takeuforward.org/data-structure/prefix-to-infix-conversion,Prefix to Infix Conversion' (search GFG)
172,Stack and Queues,"Prefix, Infix, PostFix Conversion Problems",Medium,Prefix to Postfix Conversion,https://takeuforward.org/data-structure/prefix-to-postfix-conversion,Prefix to Postfix Conversion' (search GFG)
173,Stack and Queues,"Prefix, Infix, PostFix Conversion Problems",Medium,Postfix to Prefix Conversion,https://takeuforward.org/data-structure/postfix-to-prefix-conversion,Postfix to Prefix Conversion' (search GFG)
174,Stack and Queues,"Prefix, Infix, PostFix Conversion Problems",Easy,Postfix to Infix Conversion,https://takeuforward.org/data-structure/postfix-to-infix,Postfix to Infix Conversion' (search GFG)
175,Stack and Queues,"Prefix, Infix, PostFix Conversion Problems",Medium,Infix to Prefix Conversion,https://takeuforward.org/data-structure/infix-to-prefix/,Infix to Prefix Conversion' (search GFG)
176,Stack and Queues,Monotonic Stack/Queue Problems [VVV. Imp],Medium,Next Greater Element,https://leetcode.com/problems/next-greater-element-i/,
177,Stack and Queues,Monotonic Stack/Queue Problems [VVV. Imp],Medium,Next Greater Element - 2,https://leetcode.com/problems/next-greater-element-ii/,
178,Stack and Queues,Monotonic Stack/Queue Problems [VVV. Imp],Medium,Next Smaller Element,https://takeuforward.org/data-structure/next-smaller-element,Next Smaller Element' (search GFG) — monotonic-stack counterpart to Next Greater Element (already in your sheet)
179,Stack and Queues,Monotonic Stack/Queue Problems [VVV. Imp],Easy,Number of Greater Elements to the Right,https://takeuforward.org/data-structure/number-of-nges-to-the-right,Count Greater Elements to right' (search GFG)
180,Stack and Queues,Monotonic Stack/Queue Problems [VVV. Imp],Hard,Trapping Rainwater,https://leetcode.com/problems/trapping-rain-water/,
181,Stack and Queues,Monotonic Stack/Queue Problems [VVV. Imp],Medium,Sum of Subarray Minimums,https://leetcode.com/problems/sum-of-subarray-minimums/,
182,Stack and Queues,Monotonic Stack/Queue Problems [VVV. Imp],Medium,Asteroid Collision,https://leetcode.com/problems/asteroid-collision/,
183,Stack and Queues,Monotonic Stack/Queue Problems [VVV. Imp],Medium,Sum of Subarray Ranges,https://leetcode.com/problems/sum-of-subarray-ranges/,
184,Stack and Queues,Monotonic Stack/Queue Problems [VVV. Imp],Medium,Remove K Digits,https://leetcode.com/problems/remove-k-digits/,
185,Stack and Queues,Monotonic Stack/Queue Problems [VVV. Imp],Hard,Largest rectangle in a histogram,https://leetcode.com/problems/largest-rectangle-in-histogram/,
186,Stack and Queues,Monotonic Stack/Queue Problems [VVV. Imp],Hard,Maximum Rectangles,https://leetcode.com/problems/maximal-rectangle/,
187,Stack and Queues,Implementation Problems,Hard,Sliding Window Maximum,https://leetcode.com/problems/sliding-window-maximum/,
188,Stack and Queues,Implementation Problems,Hard,Stock span problem,https://leetcode.com/problems/online-stock-span/,
189,Stack and Queues,Implementation Problems,Hard,Celebrity Problem,https://leetcode.com/accounts/login/?next=/problems/find-the-celebrity/,
190,Stack and Queues,Implementation Problems,Medium,LRU Cache,https://leetcode.com/problems/lru-cache/,LC 146 — exact match
191,Stack and Queues,Implementation Problems,Hard,LFU Cache,https://leetcode.com/problems/lfu-cache/,
192,Sliding Window & Two Pointer Combined Problems,Medium Problems,Medium,Longest Substring Without Repeating Characters,https://leetcode.com/problems/longest-substring-without-repeating-characters/,
193,Sliding Window & Two Pointer Combined Problems,Medium Problems,Medium,Max Consecutive Ones III,https://leetcode.com/problems/max-consecutive-ones-iii/,
194,Sliding Window & Two Pointer Combined Problems,Medium Problems,Medium,Fruit Into Baskets,https://leetcode.com/problems/fruit-into-baskets/description/,
195,Sliding Window & Two Pointer Combined Problems,Medium Problems,Hard,Longest Repeating Character Replacement,https://leetcode.com/problems/longest-repeating-character-replacement/,
196,Sliding Window & Two Pointer Combined Problems,Medium Problems,Hard,Binary Subarrays With Sum,https://leetcode.com/problems/binary-subarrays-with-sum/,
197,Sliding Window & Two Pointer Combined Problems,Medium Problems,Hard,Count number of Nice subarrays,https://leetcode.com/problems/count-number-of-nice-subarrays/,
198,Sliding Window & Two Pointer Combined Problems,Medium Problems,Hard,Number of Substrings Containing All Three Characters,https://leetcode.com/problems/number-of-substrings-containing-all-three-characters/,
199,Sliding Window & Two Pointer Combined Problems,Medium Problems,Medium,Maximum Points You Can Obtain from Cards,https://leetcode.com/problems/maximum-points-you-can-obtain-from-cards/,
200,Sliding Window & Two Pointer Combined Problems,Hard Problems,Hard,Longest Substring With At Most K Distinct Characters,https://leetcode.com/problems/longest-substring-with-at-most-k-distinct-characters/,
201,Sliding Window & Two Pointer Combined Problems,Hard Problems,Medium,Subarrays with K Different Integers,https://leetcode.com/problems/subarrays-with-k-different-integers/,
202,Sliding Window & Two Pointer Combined Problems,Hard Problems,Hard,Minimum Window Substring,https://leetcode.com/problems/minimum-window-substring/,
203,Sliding Window & Two Pointer Combined Problems,Hard Problems,Hard,Minimum Window Subsequence,https://leetcode.com/problems/minimum-window-subsequence/,
204,Heaps,Learning,Easy,Heaps (Theory Video),https://takeuforward.org/data-structure/introduction-to-priority-queues-using-binary-heaps,Concept/theory video — no coding problem
205,Heaps,Learning,Medium,Implement Min Heap,,Implement a Min Heap' (search GFG)
206,Heaps,Learning,Medium,Check if an array represents a min heap,https://takeuforward.org/data-structure/check-if-an-array-represents-a-min-heap,Check whether the given Array is a Min-Heap' (search GFG)
207,Heaps,Learning,Medium,Convert Min Heap to Max Heap,,Convert Min Heap to Max Heap' (search GFG)
208,Heaps,Medium Problems,Medium,K-th Largest element in an array,https://leetcode.com/problems/kth-largest-element-in-an-array/,LC 215 — exact match
209,Heaps,Medium Problems,Medium,Kth smallest element in an array [use priority queue],https://leetcode.com/problems/kth-largest-element-in-an-array/,"Same problem/technique as LC 215 (Kth Largest, already in your sheet) — just target k = n-k+1"
210,Heaps,Medium Problems,Easy,Sort K sorted array,https://takeuforward.org/data-structure/sort-k-sorted-array,Nearly sorted array' / 'Sort a k sorted array' (search GFG)
211,Heaps,Medium Problems,Hard,Merge K sorted Lists,https://leetcode.com/problems/merge-k-sorted-lists/,
212,Heaps,Medium Problems,Easy,Replace Elements by Their Rank,https://takeuforward.org/data-structure/replace-elements-by-its-rank-in-the-array/,Replace elements with rank' (search GFG)
213,Heaps,Medium Problems,Medium,Task Scheduler,https://leetcode.com/problems/task-scheduler/,
214,Heaps,Medium Problems,Medium,Hand of Straights,https://leetcode.com/problems/hand-of-straights/,
215,Heaps,Hard Problems,Medium,Design Twitter,https://leetcode.com/problems/design-twitter/,
216,Heaps,Hard Problems,Medium,Minimum Cost to Connect Sticks,https://leetcode.com/problems/minimum-cost-to-connect-sticks/,LC 1167 — exact match (premium)
217,Heaps,Hard Problems,Hard,Kth largest element in a stream of running integers,"https://leetcode.com/problems/kth-largest-element-in-a-stream/#:~:text=Implement%20KthLargest%20class%3A,largest%20element%20in%20the%20stream.",
218,Heaps,Hard Problems,Hard,Maximum Sum Combination,https://takeuforward.org/data-structure/maximum-sum-combination,Maximum Sum Combination' (search GFG)
219,Heaps,Hard Problems,Hard,Find Median from Data Stream,https://leetcode.com/problems/find-median-from-data-stream/,
220,Heaps,Hard Problems,Medium,Top K Frequent Elements,https://leetcode.com/problems/top-k-frequent-elements/,
221,Greedy Algorithms,Easy Problems,Easy,Assign Cookies,https://leetcode.com/problems/assign-cookies/,
222,Greedy Algorithms,Easy Problems,Medium,Fractional Knapsack,https://takeuforward.org/data-structure/fractional-knapsack-problem-greedy-approach/,Fractional Knapsack' (search GFG)
223,Greedy Algorithms,Easy Problems,Easy,Lemonade Change,https://leetcode.com/problems/lemonade-change/,
224,Greedy Algorithms,Easy Problems,Hard,Valid Paranthesis Checker,https://leetcode.com/problems/valid-parenthesis-string/,
225,Greedy Algorithms,Medium/Hard,Medium,N meetings in one room,https://leetcode.com/problems/non-overlapping-intervals/,Same activity-selection technique as LC 435 (already in your sheet); GFG has the exact 'N meetings in one room' problem too
226,Greedy Algorithms,Medium/Hard,Easy,Jump Game - I,https://leetcode.com/problems/jump-game/,
227,Greedy Algorithms,Medium/Hard,Medium,Jump Game II,https://leetcode.com/problems/jump-game-ii/,
228,Greedy Algorithms,Medium/Hard,Medium,Minimum number of platforms required for a railway,https://leetcode.com/problems/meeting-rooms-ii/,"LC 253 (Meeting Rooms II, premium) — identical algorithm to 'minimum platforms'"
229,Greedy Algorithms,Medium/Hard,Medium,Job sequencing Problem,https://takeuforward.org/data-structure/job-sequencing-problem/,"Job Sequencing Problem' (search GFG) — related family to LC 630 Course Schedule III (deadline scheduling with a heap), not identical so not forced"
230,Greedy Algorithms,Medium/Hard,Hard,Candy,https://leetcode.com/problems/candy/,
231,Greedy Algorithms,Medium/Hard,Medium,Shortest Job First,https://takeuforward.org/Greedy/shortest-job-first-or-sjf-cpu-scheduling,OS scheduling algorithm — GFG has 'Shortest Job First (or SJF) CPU Scheduling' (search GFG); no LC equivalent
232,Greedy Algorithms,Medium/Hard,Medium,Program for Least Recently Used (LRU) Page Replacement Algorithm,https://takeuforward.org/data-structure/program-for-least-recently-used-lru-page-replacement-algorithm,OS paging algorithm — GFG has 'LRU Page Replacement algorithm' (search GFG); different from LC 146 LRU Cache (that's a data-structure design problem)
233,Greedy Algorithms,Medium/Hard,Medium,Insert Interval,https://leetcode.com/problems/insert-interval/,
234,Greedy Algorithms,Medium/Hard,Medium,Merge Intervals,https://leetcode.com/problems/merge-intervals/,
235,Greedy Algorithms,Medium/Hard,Medium,Non-overlapping Intervals,https://leetcode.com/problems/non-overlapping-intervals/,
236,Binary Trees,Traversals,Easy,Introduction to Trees,https://takeuforward.org/binary-tree/introduction-to-trees/,Concept/theory video — no coding problem
237,Binary Trees,Traversals,Easy,Binary Tree Representation in Java,https://takeuforward.org/binary-tree/binary-tree-representation-in-java/,Implementation/setup — no coding problem
238,Binary Trees,Traversals,Easy,"Pre, Post, Inorder in one traversal",https://takeuforward.org/data-structure/preorder-inorder-postorder-traversals-in-one-traversal/,"Preorder, Inorder and Postorder traversal of Binary Tree in one traversal' (search GFG)"
239,Binary Trees,Traversals,Easy,Preorder Traversal,https://leetcode.com/problems/binary-tree-preorder-traversal/,
240,Binary Trees,Traversals,Easy,Inorder Traversal of Binary Tree,https://leetcode.com/problems/binary-tree-inorder-traversal/,
241,Binary Trees,Traversals,Easy,Postorder Traversal,https://leetcode.com/problems/binary-tree-postorder-traversal/,
242,Binary Trees,Traversals,Easy,Level Order Traversal,https://leetcode.com/problems/binary-tree-level-order-traversal/,
243,Binary Trees,Traversals,Easy,Iterative Preorder Traversal of Binary Tree,https://leetcode.com/problems/binary-tree-preorder-traversal/,
244,Binary Trees,Traversals,Easy,Iterative Inorder Traversal of Binary Tree,https://leetcode.com/problems/binary-tree-inorder-traversal/,
245,Binary Trees,Traversals,Easy,Post-order Traversal of Binary Tree using 2 stack,https://leetcode.com/problems/binary-tree-postorder-traversal/,
246,Binary Trees,Traversals,Easy,Post-order Traversal of Binary Tree using 1 stack,https://leetcode.com/problems/binary-tree-postorder-traversal/,
247,Binary Trees,Traversals,Easy,"Preorder, Inorder, and Postorder Traversal in one Traversal",https://takeuforward.org/data-structure/preorder-inorder-postorder-traversals-in-one-traversal/,"Same as above — GFG exact match, no LC equivalent"
248,Binary Trees,Medium Problems,Medium,Maximum Depth in BT,https://leetcode.com/problems/maximum-depth-of-binary-tree/,
249,Binary Trees,Medium Problems,Medium,Check for balanced binary tree,https://leetcode.com/problems/balanced-binary-tree/,
250,Binary Trees,Medium Problems,Easy,Diameter of Binary Tree,https://leetcode.com/problems/diameter-of-binary-tree/,
251,Binary Trees,Medium Problems,Medium,Maximum path sum,https://leetcode.com/problems/binary-tree-maximum-path-sum/,
252,Binary Trees,Medium Problems,Medium,Check if two trees are identical or not,https://leetcode.com/problems/same-tree/,
253,Binary Trees,Medium Problems,Medium,Zig Zag or Spiral Traversal,https://leetcode.com/problems/binary-tree-zigzag-level-order-traversal/,
254,Binary Trees,Medium Problems,Medium,Boundary Traversal,https://leetcode.com/problems/boundary-of-binary-tree/,
255,Binary Trees,Medium Problems,Medium,Vertical Order Traversal,https://leetcode.com/problems/vertical-order-traversal-of-a-binary-tree/,
256,Binary Trees,Medium Problems,Medium,Top View of BT,https://takeuforward.org/data-structure/top-view-of-a-binary-tree/,Top View of Binary Tree' (search GFG)
257,Binary Trees,Medium Problems,Medium,Bottom view of BT,https://takeuforward.org/data-structure/bottom-view-of-a-binary-tree/,Bottom View of Binary Tree' (search GFG)
258,Binary Trees,Medium Problems,Medium,Right/Left View of Binary Tree,https://leetcode.com/problems/binary-tree-right-side-view/,
259,Binary Trees,Medium Problems,Medium,Symmetric Binary Tree,https://leetcode.com/problems/symmetric-tree/,
260,Binary Trees,Hard Problems,Medium,Print root to leaf path in BT,https://leetcode.com/problems/binary-tree-paths/,LC 257 (Binary Tree Paths) — exact match
261,Binary Trees,Hard Problems,Hard,LCA in BT,https://leetcode.com/problems/lowest-common-ancestor-of-a-binary-tree/,
262,Binary Trees,Hard Problems,Medium,Maximum Width of BT,https://leetcode.com/problems/maximum-width-of-binary-tree/,
263,Binary Trees,Hard Problems,Medium,Children Sum Property in Binary Tree,https://takeuforward.org/data-structure/check-for-children-sum-property-in-a-binary-tree/,Children Sum Parent Property in a Binary Tree' (search GFG)
264,Binary Trees,Hard Problems,Hard,Print all nodes at a distance of K in BT,https://leetcode.com/problems/all-nodes-distance-k-in-binary-tree/,
265,Binary Trees,Hard Problems,Hard,Minimum time taken to burn the BT from a given Node,https://leetcode.com/problems/amount-of-time-for-binary-tree-to-be-infected/,"LC 2385 — exact match, same 'burning tree' problem"
266,Binary Trees,Hard Problems,Easy,Count total nodes in a complete BT,https://leetcode.com/problems/count-complete-tree-nodes/,
267,Binary Trees,Hard Problems,Medium,Requirements needed to construct a unique BT,,Concept/theory video — no coding problem
268,Binary Trees,Hard Problems,Hard,Construct a BT from Preorder and Inorder,https://leetcode.com/problems/construct-binary-tree-from-preorder-and-inorder-traversal/,
269,Binary Trees,Hard Problems,Hard,Construct the Binary Tree from Postorder and Inorder Traversal,https://leetcode.com/problems/construct-binary-tree-from-inorder-and-postorder-traversal/,
270,Binary Trees,Hard Problems,Hard,Serialize and De-serialize BT,https://leetcode.com/problems/serialize-and-deserialize-binary-tree/,
271,Binary Trees,Hard Problems,Hard,Morris Preorder Traversal of a Binary Tree,https://leetcode.com/problems/binary-tree-inorder-traversal/,
272,Binary Trees,Hard Problems,Hard,Morris Inorder Traversal of a Binary Tree,https://leetcode.com/problems/binary-tree-inorder-traversal/,
273,Binary Trees,Hard Problems,Medium,Flatten Binary Tree to Linked List,https://leetcode.com/problems/flatten-binary-tree-to-linked-list/,
274,Binary Search Trees,Concepts,Easy,Introduction to BST,https://takeuforward.org/binary-search-tree/introduction-to-binary-search-trees/,Concept/theory video — no coding problem
275,Binary Search Trees,Concepts,Easy,Search in a Binary Search Tree,https://leetcode.com/problems/search-in-a-binary-search-tree/,
276,Binary Search Trees,Concepts,Easy,Find Min/Max in BST,https://takeuforward.org/data-structure/find-minmax-in-a-bst,Trivial (leftmost/rightmost node) — no dedicated LC/GFG problem
277,Binary Search Trees,Practice Problems,Easy,Floor and Ceil in a BST,,Floor and Ceil from a BST' (search GFG)
278,Binary Search Trees,Practice Problems,Easy,Floor in a Binary Search Tree,https://takeuforward.org/binary-search-tree/floor-in-a-binary-search-tree/,Floor in a Binary Search Tree' (search GFG)
279,Binary Search Trees,Practice Problems,Medium,Insert a given node in BST,https://leetcode.com/problems/insert-into-a-binary-search-tree/,
280,Binary Search Trees,Practice Problems,Medium,Delete a node in BST,https://leetcode.com/problems/delete-node-in-a-bst/,
281,Binary Search Trees,Practice Problems,Medium,Kth Smallest and Largest element in BST,https://leetcode.com/problems/kth-smallest-element-in-a-bst/,
282,Binary Search Trees,Practice Problems,Medium,Check if a tree is a BST or not,https://leetcode.com/problems/validate-binary-search-tree/,
283,Binary Search Trees,Practice Problems,Medium,LCA in BST,https://leetcode.com/problems/lowest-common-ancestor-of-a-binary-search-tree/,
284,Binary Search Trees,Practice Problems,Medium,Construct a BST from a preorder traversal,https://leetcode.com/problems/construct-binary-search-tree-from-preorder-traversal/,
285,Binary Search Trees,Practice Problems,Medium,Inorder Successor/Predecessor in BST,https://leetcode.com/problems/inorder-successor-in-bst/,
286,Binary Search Trees,Practice Problems,Hard,Merge 2 BST's,https://leetcode.com/problems/binary-search-tree-iterator/,
287,Binary Search Trees,Practice Problems,Hard,Two Sum In BST | Check if there exists a pair with Sum K,https://leetcode.com/problems/two-sum-iv-input-is-a-bst/,
288,Binary Search Trees,Practice Problems,Hard,Correct BST with two nodes swapped,https://leetcode.com/problems/recover-binary-search-tree/,
289,Binary Search Trees,Practice Problems,Hard,Largest BST in Binary Tree,https://leetcode.com/problems/maximum-sum-bst-in-binary-tree/,
290,Graphs,Learning,Easy,Introduction to Graph,https://takeuforward.org/data-structure/graph-representation-in-java,Concept/theory video — no coding problem
291,Graphs,Learning,Easy,Graph Representation | C++,https://takeuforward.org/graph/graph-representation-in-c/,Implementation/setup — no coding problem
292,Graphs,Learning,Easy,Graph Representation | Java,https://takeuforward.org/data-structure/graph-representation-in-java,Implementation/setup — no coding problem
293,Graphs,Learning,Medium,Connected Components,https://leetcode.com/problems/number-of-provinces/,Concept underlying LC 547 Number of Provinces (already in your sheet)
294,Graphs,Learning,Medium,Traversal Techniques,https://takeuforward.org/data-structure/depth-first-search-dfs/,Concept/theory video (BFS/DFS overview) — no coding problem
295,Graphs,Learning,Medium,DFS,https://takeuforward.org/data-structure/depth-first-search-dfs/,Concept/theory video (DFS implementation) — no coding problem
296,Graphs,Problems on BFS/DFS,Medium,Number of provinces,"https://leetcode.com/problems/number-of-provinces/#:~:text=A%20province%20is%20a%20group,the%20total%20number%20of%20provinces.",
297,Graphs,Problems on BFS/DFS,Medium,Connected Components Problem in Matrix,https://leetcode.com/problems/number-of-islands/,Same technique as LC 200 Number of Islands (already in your sheet)
298,Graphs,Problems on BFS/DFS,Medium,Rotten Oranges,https://leetcode.com/problems/rotting-oranges/,
299,Graphs,Problems on BFS/DFS,Medium,Flood fill algorithm,https://leetcode.com/problems/flood-fill/,
300,Graphs,Problems on BFS/DFS,Hard,Cycle Detection in Undirected Graph (bfs),https://takeuforward.org/data-structure/detect-cycle-in-an-undirected-graph-using-bfs/,Detect Cycle in an Undirected Graph using BFS' (search GFG); LC 261 Graph Valid Tree (premium) is a related connectivity+cycle problem but not an identical task
301,Graphs,Problems on BFS/DFS,Hard,Detect a cycle in an undirected graph,https://leetcode.com/problems/course-schedule/,
302,Graphs,Problems on BFS/DFS,Medium,Distance of nearest cell having one,https://leetcode.com/problems/01-matrix/,
303,Graphs,Problems on BFS/DFS,Medium,Surrounded Regions,https://leetcode.com/problems/surrounded-regions/,
304,Graphs,Problems on BFS/DFS,Medium,Number of enclaves,https://leetcode.com/problems/number-of-enclaves/,
305,Graphs,Problems on BFS/DFS,Hard,Word ladder I,https://leetcode.com/problems/word-ladder/,
306,Graphs,Problems on BFS/DFS,Hard,Word ladder II,https://leetcode.com/problems/word-ladder-ii/,
307,Graphs,Problems on BFS/DFS,Medium,Number of islands,https://leetcode.com/problems/number-of-islands/,
308,Graphs,Problems on BFS/DFS,Hard,Bipartite Graph (DFS),https://leetcode.com/problems/is-graph-bipartite/,
309,Graphs,Problems on BFS/DFS,Hard,Cycle Detection in Directed Graph (DFS),https://leetcode.com/problems/course-schedule-ii/discuss/293048/detecting-cycle-in-directed-graph-problem,
310,Graphs,Topo Sort and Problems,Hard,Topo Sort,https://takeuforward.org/data-structure/topological-sort-algorithm-dfs-g-21/,Concept/theory video — no coding problem
311,Graphs,Topo Sort and Problems,Hard,Topological sort or Kahn's algorithm,https://leetcode.com/problems/course-schedule-ii/,Same technique (Kahn's BFS topo sort) as LC 210 Course Schedule II (already in your sheet)
312,Graphs,Topo Sort and Problems,Hard,Detect a cycle in a directed graph,https://leetcode.com/problems/course-schedule/,
313,Graphs,Topo Sort and Problems,Hard,Course Schedule I,https://leetcode.com/problems/course-schedule/,
314,Graphs,Topo Sort and Problems,Medium,Course Schedule II,https://leetcode.com/problems/course-schedule-ii/,
315,Graphs,Topo Sort and Problems,Hard,Find eventual safe states,https://leetcode.com/problems/find-eventual-safe-states/,
316,Graphs,Topo Sort and Problems,Hard,Alien Dictionary,https://leetcode.com/problems/alien-dictionary/solution/,
317,Graphs,Shortest Path Algorithms and Problems,Hard,Shortest path in undirected graph with unit weights,https://takeuforward.org/data-structure/shortest-path-in-undirected-graph-with-unit-distance-g-28/,Shortest path in an unweighted graph' (search GFG) — same BFS idea as LC 1091/542 (already in your sheet)
318,Graphs,Shortest Path Algorithms and Problems,Hard,Shortest path in DAG,https://takeuforward.org/data-structure/shortest-path-in-directed-acyclic-graph-topological-sort-g-27/,Shortest path in Directed Acyclic Graph' (search GFG)
319,Graphs,Shortest Path Algorithms and Problems,Hard,Djisktra's Algorithm,https://leetcode.com/problems/network-delay-time/,Same algorithm applied directly in LC 743 Network Delay Time (already in your sheet)
320,Graphs,Shortest Path Algorithms and Problems,Hard,Why priority Queue is used in Djisktra's Algorithm,https://takeuforward.org/data-structure/dijkstras-algorithm-using-priority-queue-g-32/,Concept/theory video — no coding problem
321,Graphs,Shortest Path Algorithms and Problems,Hard,Shortest Distance in a Binary Maze,https://leetcode.com/problems/shortest-path-in-binary-matrix/,
322,Graphs,Shortest Path Algorithms and Problems,Hard,Path with minimum effort,https://leetcode.com/problems/path-with-minimum-effort/,
323,Graphs,Shortest Path Algorithms and Problems,Hard,Cheapest flight within K stops,https://leetcode.com/problems/cheapest-flights-within-k-stops/,
324,Graphs,Shortest Path Algorithms and Problems,Medium,Network Delay Time,https://leetcode.com/problems/network-delay-time/,
325,Graphs,Shortest Path Algorithms and Problems,Hard,Number of ways to arrive at destination,https://leetcode.com/problems/number-of-ways-to-arrive-at-destination/,
326,Graphs,Shortest Path Algorithms and Problems,Hard,Minimum multiplications to reach end,https://takeuforward.org/graph/g-39-minimum-multiplications-to-reach-end/,Minimum multiplications to reach end' (search GFG) — BFS-shortest-path-on-implicit-graph problem
327,Graphs,Shortest Path Algorithms and Problems,Hard,Bellman Ford Algorithm,https://takeuforward.org/data-structure/bellman-ford-algorithm-g-41/,Bellman-Ford Algorithm' (search GFG) — same relaxation idea as LC 787 Cheapest Flights Within K Stops (already in your sheet)
328,Graphs,Shortest Path Algorithms and Problems,Hard,Floyd warshall algorithm,https://leetcode.com/problems/find-the-city-with-the-smallest-number-of-neighbors-at-a-threshold-distance/,Same algorithm applied directly in LC 1334 (already in your sheet)
329,Graphs,Shortest Path Algorithms and Problems,Hard,Find the city with the smallest number of neighbors,https://leetcode.com/problems/find-the-city-with-the-smallest-number-of-neighbors-at-a-threshold-distance/,
330,Graphs,MinimumSpanningTree/Disjoint Set and Problems,Easy,MST theory,https://takeuforward.org/data-structure/minimum-spanning-tree-theory-g-44/,Concept/theory video — no coding problem
331,Graphs,MinimumSpanningTree/Disjoint Set and Problems,Hard,Prim's Algorithm,https://takeuforward.org/data-structure/prims-algorithm-minimum-spanning-tree-c-and-java-g-45/,Prim's Algorithm for Minimum Spanning Tree' (search GFG)
332,Graphs,MinimumSpanningTree/Disjoint Set and Problems,Hard,Disjoint Set,https://takeuforward.org/data-structure/disjoint-set-union-by-rank-union-by-size-path-compression-g-46/,"Disjoint Set (Union-Find)' (search GFG) — used throughout already-mapped graph problems in your sheet (Accounts Merge, Number of Islands II, etc.)"
333,Graphs,MinimumSpanningTree/Disjoint Set and Problems,Hard,Find the MST weight,https://takeuforward.org/data-structure/prims-algorithm-minimum-spanning-tree-c-and-java-g-45/,Minimum Spanning Tree' (search GFG)
334,Graphs,MinimumSpanningTree/Disjoint Set and Problems,Hard,Number of operations to make network connected,https://leetcode.com/problems/number-of-operations-to-make-network-connected/,
335,Graphs,MinimumSpanningTree/Disjoint Set and Problems,Medium,Most stones removed with same row or column,https://leetcode.com/problems/most-stones-removed-with-same-row-or-column/,
336,Graphs,MinimumSpanningTree/Disjoint Set and Problems,Hard,Accounts merge,https://leetcode.com/problems/accounts-merge/,
337,Graphs,MinimumSpanningTree/Disjoint Set and Problems,Hard,Number of islands II,https://leetcode.com/problems/number-of-islands-ii/,
338,Graphs,MinimumSpanningTree/Disjoint Set and Problems,Hard,Making a large island,https://leetcode.com/problems/making-a-large-island/,
339,Graphs,MinimumSpanningTree/Disjoint Set and Problems,Medium,Swim in Rising Water,https://leetcode.com/problems/swim-in-rising-water/,
340,Graphs,Other Algorithms,Hard,Bridges in graph,https://leetcode.com/problems/critical-connections-in-a-network/discuss/382385/find-bridges-in-a-graph,
341,Graphs,Other Algorithms,Hard,Articulation point in graph,https://takeuforward.org/data-structure/articulation-point-in-graph-g-56/,"Articulation Points (or Cut Vertices) in a Graph' (search GFG) — no direct LC equivalent (LC 1192 Critical Connections, already in your sheet, is the related 'bridges' problem, not articulation points)"
342,Graphs,Other Algorithms,Hard,Kosaraju's algorithm,https://leetcode.com/problems/maximum-number-of-non-overlapping-substrings/discuss/766485/kosaraju-algorithm-on,
343,Dynamic Programming,Introduction to DP,Easy,Introduction to DP,https://takeuforward.org/data-structure/dynamic-programming-introduction/,Concept/theory video — no coding problem
344,Dynamic Programming,1D DP,Medium,Climbing stairs,https://leetcode.com/problems/climbing-stairs/,
345,Dynamic Programming,1D DP,Medium,Frog Jump,https://leetcode.com/problems/min-cost-climbing-stairs/,"Closest LC analog: LC 746 Min Cost Climbing Stairs (same 'min cost, jump 1 or 2 steps' DP shape). GFG has the exact problem as 'Geek Jump'"
346,Dynamic Programming,1D DP,Medium,Frog jump with K distances,https://takeuforward.org/data-structure/dynamic-programming-frog-jump-with-k-distances-dp-4/,Frog Jump with K distances' (search GFG) — generalization of Frog Jump
347,Dynamic Programming,1D DP,Medium,Maximum sum of non adjacent elements,https://leetcode.com/problems/house-robber/,
348,Dynamic Programming,1D DP,Medium,House robber,https://leetcode.com/problems/house-robber-ii/,
349,Dynamic Programming,2D/3D DP and DP on Grids,Medium,Ninja's training,https://takeuforward.org/data-structure/dynamic-programming-ninjas-training-dp-7/,Geek's Training' (search GFG) — no direct LC equivalent
350,Dynamic Programming,2D/3D DP and DP on Grids,Medium,Grid Unique Paths : DP on Grids (DP8),https://leetcode.com/problems/unique-paths/,
351,Dynamic Programming,2D/3D DP and DP on Grids,Medium,Unique paths II,https://leetcode.com/problems/unique-paths-ii/,
352,Dynamic Programming,2D/3D DP and DP on Grids,Medium,Minimum Falling Path Sum,https://leetcode.com/problems/minimum-path-sum/,
353,Dynamic Programming,2D/3D DP and DP on Grids,Medium,Triangle,https://leetcode.com/problems/triangle/,
354,Dynamic Programming,2D/3D DP and DP on Grids,Medium,Ninja and his Friends,https://leetcode.com/problems/cherry-pickup-ii/,"LC 1463 (Cherry Pickup II) — exact match, identical two-robots-in-a-grid DP"
355,Dynamic Programming,DP on Subsequences,Hard,Subset sum equal to target (DP- 14),https://takeuforward.org/data-structure/subset-sum-equal-to-target-dp-14/,Subset Sum Problem' (search GFG) — same technique as LC 416 Partition Equal Subset Sum (already in your sheet)
356,Dynamic Programming,DP on Subsequences,Hard,Partition equal subset sum,https://leetcode.com/problems/partition-equal-subset-sum/,
357,Dynamic Programming,DP on Subsequences,Hard,Partition a set into two subsets with minimum absolute sum difference,https://leetcode.com/problems/partition-array-into-two-arrays-to-minimize-sum-difference/,
358,Dynamic Programming,DP on Subsequences,Hard,Count subsets with sum K,https://takeuforward.org/data-structure/count-subsets-with-sum-k-dp-17/,Perfect Sum Problem' (search GFG) — same technique as LC 494 Target Sum (already in your sheet)
359,Dynamic Programming,DP on Subsequences,Hard,Count partitions with given difference,https://takeuforward.org/data-structure/count-partitions-with-given-difference-dp-18/,Partitions with Given Difference' (search GFG) — extension of Count Subsets with Sum K
360,Dynamic Programming,DP on Subsequences,Hard,Minimum Coins (DP - 20),https://leetcode.com/problems/coin-change/,
361,Dynamic Programming,DP on Subsequences,Hard,Target sum,https://leetcode.com/problems/target-sum/,
362,Dynamic Programming,DP on Subsequences,Hard,Coin Change 2 (DP - 22),https://leetcode.com/problems/coin-change-2/,
363,Dynamic Programming,DP on Subsequences,Hard,Unbounded knapsack,https://takeuforward.org/data-structure/unbounded-knapsack-dp-23/,Unbounded Knapsack (Repetition of Items Allowed)' (search GFG) — related to LC 322 Coin Change (already in your sheet)
364,Dynamic Programming,DP on Subsequences,Hard,Rod Cutting Problem | (DP - 24),https://www.geeksforgeeks.org/problems/rod-cutting0840/1,GFG — exact match (a direct application of Unbounded Knapsack)
365,Dynamic Programming,DP on Strings,Hard,Longest common subsequence,https://leetcode.com/problems/longest-common-subsequence/,LC 1143 — exact match
366,Dynamic Programming,DP on Strings,hard,Print Longest Common Subsequence | (DP - 26),https://takeuforward.org/data-structure/print-longest-common-subsequence-dp-26/,Print Longest Common Subsequence' (search GFG) — print version; LC 1143 (already covered above) only returns the length
367,Dynamic Programming,DP on Strings,Hard,Longest common substring,https://takeuforward.org/data-structure/longest-common-substring-dp-27/,Longest Common Substring' (search GFG) — no standalone LC problem
368,Dynamic Programming,DP on Strings,Hard,Longest palindromic subsequence,https://leetcode.com/problems/longest-palindromic-subsequence/,
369,Dynamic Programming,DP on Strings,Hard,Minimum insertions to make string palindrome | DP-29,https://leetcode.com/problems/minimum-insertion-steps-to-make-a-string-palindrome/,
370,Dynamic Programming,DP on Strings,Hard,Minimum insertions or deletions to convert string A to B,https://leetcode.com/problems/delete-operation-for-two-strings/,
371,Dynamic Programming,DP on Strings,Hard,Shortest common supersequence,https://leetcode.com/problems/shortest-common-supersequence/,
372,Dynamic Programming,DP on Strings,Hard,Distinct subsequences,https://leetcode.com/problems/distinct-subsequences/,
373,Dynamic Programming,DP on Strings,Hard,Edit distance,https://leetcode.com/problems/edit-distance/,
374,Dynamic Programming,DP on Strings,Hard,Wildcard matching,https://leetcode.com/problems/wildcard-matching/,
375,Dynamic Programming,DP on Stocks,Medium,Best time to buy and sell stock,https://leetcode.com/problems/best-time-to-buy-and-sell-stock/,
376,Dynamic Programming,DP on Stocks,Medium,Best time to buy and sell stock II,https://leetcode.com/problems/best-time-to-buy-and-sell-stock-ii/,
377,Dynamic Programming,DP on Stocks,Medium,Best time to buy and sell stock III,https://leetcode.com/problems/best-time-to-buy-and-sell-stock-iii/description/,
378,Dynamic Programming,DP on Stocks,Medium,Best time to buy and sell stock IV,https://leetcode.com/problems/best-time-to-buy-and-sell-stock-iv/,
379,Dynamic Programming,DP on Stocks,Medium,Best Time to Buy and Sell Stock with Cooldown,https://leetcode.com/problems/best-time-to-buy-and-sell-stock-with-cooldown/,
380,Dynamic Programming,DP on Stocks,Medium,Best time to buy and sell stock with transaction fees,https://leetcode.com/problems/best-time-to-buy-and-sell-stock-with-transaction-fee/,
381,Dynamic Programming,DP on LIS,Medium,Longest Increasing Subsequence,https://leetcode.com/problems/longest-increasing-subsequence/,LC 300 — exact match
382,Dynamic Programming,DP on LIS,Medium,Print Longest Increasing Subsequence,https://takeuforward.org/data-structure/printing-longest-increasing-subsequence-dp-42/,Printing Longest Increasing Subsequence' (search GFG) — print version; LC 300 only returns the length
383,Dynamic Programming,DP on LIS,Medium,Longest Increasing Subsequence |(DP-43),https://leetcode.com/problems/longest-increasing-subsequence/,LC 300 — exact match (same problem revisited with a different technique here)
384,Dynamic Programming,DP on LIS,Medium,Largest Divisible Subset,https://leetcode.com/problems/largest-divisible-subset/,
385,Dynamic Programming,DP on LIS,Medium,Longest String Chain,https://leetcode.com/problems/longest-string-chain/,
386,Dynamic Programming,DP on LIS,Medium,Longest Bitonic Subsequence,https://takeuforward.org/data-structure/longest-bitonic-subsequence-dp-46/,Longest Bitonic Subsequence' (search GFG) — no standalone LC problem
387,Dynamic Programming,DP on LIS,Medium,Number of Longest Increasing Subsequences,https://leetcode.com/problems/number-of-longest-increasing-subsequence/,
388,Dynamic Programming,MCM DP | Partition DP,Hard,Matrix chain multiplication,https://takeuforward.org/dynamic-programming/matrix-chain-multiplication-dp-48/,Matrix Chain Multiplication' (search GFG) — same interval-DP family as LC 312 Burst Balloons (already in your sheet)
389,Dynamic Programming,MCM DP | Partition DP,Hard,Matrix Chain Multiplication | Bottom-Up|(DP-49),https://takeuforward.org/data-structure/matrix-chain-multiplication-tabulation-method-dp-49/,Matrix Chain Multiplication (Bottom-Up)' (search GFG) — same problem as above
390,Dynamic Programming,MCM DP | Partition DP,Hard,Minimum cost to cut the stick,https://leetcode.com/problems/minimum-cost-to-cut-a-stick/,
391,Dynamic Programming,MCM DP | Partition DP,Hard,Burst balloons,https://leetcode.com/problems/burst-balloons/,
392,Dynamic Programming,MCM DP | Partition DP,Medium,Different Ways to Evaluate a Boolean Expression,https://leetcode.com/problems/parsing-a-boolean-expression/,
393,Dynamic Programming,MCM DP | Partition DP,Hard,Palindrome partitioning II,https://leetcode.com/problems/palindrome-partitioning-ii/,
394,Dynamic Programming,MCM DP | Partition DP,Medium,Partition Array for Maximum Sum,https://leetcode.com/problems/partition-array-for-maximum-sum/,
395,Dynamic Programming,DP on Squares,Hard,Maximum Rectangle Area with all 1's|(DP-55),https://leetcode.com/problems/maximal-rectangle/,
396,Dynamic Programming,DP on Squares,Easy,Count Square Submatrices with All Ones|(DP-56),https://leetcode.com/problems/count-square-submatrices-with-all-ones/,
397,Tries,Theory,Hard,Trie Implementation and Operations,https://leetcode.com/problems/implement-trie-prefix-tree/,
398,Tries,Problems,Hard,Trie Implementation and Advanced Operations,https://leetcode.com/problems/implement-trie-prefix-tree/,Extension of LC 208 Implement Trie (already in your sheet)
399,Tries,Problems,Medium,Longest Word with All Prefixes,https://leetcode.com/problems/longest-word-in-dictionary/,LC 720 (Longest Word in Dictionary) — exact match
400,Tries,Problems,Medium,Number of distinct substrings in a string,https://leetcode.com/problems/number-of-distinct-substrings-in-a-string/,LC 1698 — exact match (premium)
401,Tries,Problems,Easy,Bit PreRequisites for TRIE Problems,,Concept/theory video — no coding problem
402,Tries,Problems,Hard,Maximum XOR of two numbers in an array,https://leetcode.com/problems/maximum-xor-of-two-numbers-in-an-array/,
403,Tries,Problems,Hard,Maximum Xor with an element from an array,https://leetcode.com/problems/maximum-xor-with-an-element-from-array/,
404,Strings,Hard Problems,Hard,Minimum number of bracket reversals to make an expression balanced,https://leetcode.com/problems/minimum-add-to-make-parentheses-valid/,
405,Strings,Hard Problems,Hard,Count and say,https://leetcode.com/problems/count-and-say/,
406,Strings,Hard Problems,Easy,Hashing In Strings | Theory,https://takeuforward.org/data-structure/hashing-in-strings,Concept/theory video — no coding problem
407,Strings,Hard Problems,Hard,Rabin Karp Algorithm,https://leetcode.com/problems/repeated-string-match/discuss/416144/Rabin-Karp-algorithm-C%2B%2B-implementation,
408,Strings,Hard Problems,Hard,Z function,,"Z algorithm (Linear time pattern searching Algorithm)' (search GFG) — algorithm itself, not a standalone problem"
409,Strings,Hard Problems,Hard,KMP Algorithm or LPS array,https://leetcode.com/problems/implement-strstr/,
410,Strings,Hard Problems,Hard,Shortest Palindrome,https://leetcode.com/problems/shortest-palindrome/,LC 214 — exact match
411,Strings,Hard Problems,Hard,Longest happy prefix,https://leetcode.com/problems/longest-happy-prefix/,
412,Strings,Hard Problems,Medium,Count Palindromic Subsequences,https://leetcode.com/problems/count-palindromic-subsequences/,
